CustomerID,CustomerName,Gender,City,JoinDate
C1001,Bradley Johnson,F,Delhi,2023-08-18
C1002,Sabrina Shelton,F,Mumbai,2022-12-23
C1003,Mrs. Jennifer Randall,F,Hyderabad,2023-04-17
C1004,Kelli Dean,M,Kolkata,2024-10-02
C1005,Tammy Mason,M,Mumbai,2022-01-05
C1006,Tammy Jackson,M,Pune,2022-04-30
C1007,Reginald Weaver,F,Hyderabad,2022-08-16
C1008,Dawn Fowler,F,Bangalore,2022-07-28
C1009,Jason Crawford,M,Bangalore,2022-03-03
C1010,Adam Gutierrez,M,Hyderabad,2022-07-29
C1011,Frederick Rodriguez,M,Chennai,2024-08-13
C1012,Carol Woods,F,Pune,2023-03-29
C1013,Andrew Hurley,M,Bangalore,2025-02-19
C1014,Erin Williams,M,Chennai,2025-05-25
C1015,Ashley Johnson,M,Hyderabad,2025-11-11
C1016,John Kelly,F,Mumbai,2024-01-11
C1017,Amy Houston,M,Chennai,2024-10-13
C1018,Susan Hunter,F,Mumbai,2021-12-20
C1019,Edward Weaver,M,Bangalore,2024-12-21
C1020,Vincent Schneider,F,Hyderabad,2023-06-06
C1021,Joshua Rivera,M,Kolkata,2024-03-27
C1022,Melinda Murphy,F,Delhi,2025-08-22
C1023,Robert Evans,M,Mumbai,2023-05-04
C1024,Linda Cox,M,Bangalore,2023-03-15
C1025,Michael Collier,M,Mumbai,2023-09-26
C1026,James Rice DDS,F,Delhi,2022-01-21
C1027,Donna Pugh,F,Chennai,2022-02-05
C1028,Matthew Nicholson,M,Delhi,2025-11-14
C1029,Jennifer Matthews,M,Hyderabad,2025-11-29
C1030,Courtney Ward,F,Chennai,2025-06-12
C1031,Karen Smith,M,Kolkata,2024-06-07
C1032,Heather Crawford,M,Hyderabad,2022-04-28
C1033,Samantha Wall,F,Delhi,2024-10-30
C1034,Nicholas Owens,M,Bangalore,2024-05-24
C1035,Rebecca Obrien,M,Chennai,2022-07-10
C1036,Travis Williams,F,Chennai,2022-06-09
C1037,Jose Weaver,M,Delhi,2023-12-03
C1038,Nathan Mills,M,Hyderabad,2022-03-17
C1039,Nicolas Schmidt,F,Kolkata,2022-10-18
C1040,Benjamin Sullivan,M,Mumbai,2024-07-30
C1041,Rodney Gonzalez,M,Delhi,2025-10-30
C1042,Veronica Guzman,F,Pune,2025-07-24
C1043,Adam Dougherty,F,Kolkata,2024-04-07
C1044,Joseph Harris,M,Bangalore,2024-08-16
C1045,Jessica Hanson,F,Mumbai,2025-04-28
C1046,Kathleen Gonzalez,F,Pune,2024-02-11
C1047,Cynthia Martinez,M,Delhi,2025-05-14
C1048,Jeffrey Day,M,Pune,2023-10-02
C1049,Morgan Garcia,M,Chennai,2022-02-02
C1050,Theresa Bailey,F,Hyderabad,2022-08-24
C1051,Dennis Strickland,F,Pune,2024-04-28
C1052,Bryce Cross,F,Mumbai,2023-01-28
C1053,Jacob Smith,M,Chennai,2024-06-27
C1054,Christopher Tapia,F,Mumbai,2025-06-23
C1055,Amber Torres,M,Hyderabad,2025-07-13
C1056,Maria Richards,F,Kolkata,2024-10-30
C1057,Matthew Hickman,M,Pune,2025-04-10
C1058,Michelle Rodriguez,M,Chennai,2023-12-08
C1059,Kelly Phillips,M,Hyderabad,2022-03-06
C1060,Tracie Johnson,M,Delhi,2022-06-13
C1061,Phillip Vaughn,F,Mumbai,2024-11-21
C1062,Christy Rivera,F,Chennai,2025-09-24
C1063,Eric Lane,F,Hyderabad,2024-03-12
C1064,Albert Khan,M,Chennai,2024-09-10
C1065,Juan Aguilar,F,Chennai,2025-11-17
C1066,Andrew Evans,M,Chennai,2023-05-10
C1067,Lisa Miller,F,Delhi,2024-01-20
C1068,Steven Fitzgerald Jr.,M,Bangalore,2023-04-10
C1069,Jesse Pierce,M,Mumbai,2023-05-29
C1070,John Jones,M,Mumbai,2024-05-27
C1071,Jeffrey Hunt,M,Kolkata,2023-12-28
C1072,Dana Webb,F,Chennai,2022-04-23
C1073,Katherine Evans,M,Chennai,2022-05-17
C1074,Bethany Smith,F,Bangalore,2022-05-27
C1075,Carl Mcclure,M,Bangalore,2023-12-26
C1076,Jennifer Smith,F,Hyderabad,2025-05-10
C1077,Brent Richardson,F,Bangalore,2025-10-11
C1078,Emily Patterson,M,Mumbai,2023-04-11
C1079,Aaron Yoder,F,Kolkata,2022-03-17
C1080,Meghan Williams,M,Delhi,2023-04-22
C1081,Jimmy Frost,F,Mumbai,2023-06-30
C1082,John Morgan,F,Kolkata,2023-04-01
C1083,Lauren Flores,M,Bangalore,2022-06-01
C1084,Katherine Ellis,M,Hyderabad,2025-12-01
C1085,April Collins DVM,M,Bangalore,2023-12-21
C1086,Paul Reyes,M,Hyderabad,2024-02-10
C1087,Erik Williams,M,Hyderabad,2022-05-16
C1088,Elizabeth Lee,F,Mumbai,2024-05-15
C1089,Christy Acosta,M,Delhi,2023-04-08
C1090,Heather Mendoza,M,Hyderabad,2022-01-09
C1091,Jacqueline Allison,F,Mumbai,2022-10-08
C1092,Jacqueline Long,F,Kolkata,2022-10-03
C1093,James Smith,F,Kolkata,2025-09-12
C1094,Ryan Riggs,M,Delhi,2024-11-08
C1095,Kylie Nichols,M,Bangalore,2024-09-24
C1096,Zachary Bean,M,Kolkata,2025-03-20
C1097,Lisa Smith,F,Bangalore,2022-04-27
C1098,Rhonda Cisneros,M,Pune,2024-02-11
C1099,Douglas Olson,M,Bangalore,2025-07-29
C1100,Steven Scott,M,Mumbai,2023-03-11
C1101,Michael Kirby,F,Kolkata,2025-02-19
C1102,Elizabeth Hays,F,Bangalore,2023-09-25
C1103,Crystal Fields,M,Pune,2022-05-14
C1104,Alexis Ho,F,Chennai,2024-06-18
C1105,Lauren Aguilar,M,Kolkata,2025-08-05
C1106,Gary Thompson,M,Chennai,2024-11-04
C1107,Melody Campbell,M,Pune,2022-03-08
C1108,Angela Howard,F,Bangalore,2023-07-29
C1109,Monica Garcia,F,Delhi,2025-03-31
C1110,Jacob Gutierrez,M,Mumbai,2025-05-08
C1111,Monica Jones,F,Hyderabad,2025-07-08
C1112,Tanner Cain,M,Kolkata,2025-06-27
C1113,Kathryn Collins,F,Pune,2023-06-10
C1114,Tanya Reynolds,F,Pune,2024-08-09
C1115,Eric Barnes,M,Delhi,2025-05-28
C1116,Wayne Bartlett,M,Delhi,2022-11-09
C1117,Dr. Donna Joseph DDS,F,Pune,2022-07-09
C1118,Michelle Rivas,F,Hyderabad,2022-04-17
C1119,Kaylee Baldwin,F,Pune,2023-10-09
C1120,Matthew Jones,F,Kolkata,2024-01-22
C1121,Robert Delgado,F,Pune,2025-05-07
C1122,Christopher Graham,F,Chennai,2023-12-30
C1123,Cynthia Mills,M,Kolkata,2023-02-25
C1124,Richard Wright,M,Chennai,2024-06-29
C1125,Becky Hardy,M,Bangalore,2025-01-15
C1126,Mark Golden,F,Hyderabad,2022-04-10
C1127,Michelle Brown,F,Kolkata,2022-07-18
C1128,Destiny Turner,F,Chennai,2022-01-09
C1129,Alejandra Larson,M,Chennai,2022-11-14
C1130,Janice Atkinson,F,Mumbai,2025-02-20
C1131,James Bautista,M,Mumbai,2022-05-05
C1132,Joseph Craig,M,Chennai,2024-11-07
C1133,Susan Mccoy,F,Delhi,2024-02-14
C1134,Robert Contreras,M,Mumbai,2024-12-16
C1135,William Brown,M,Hyderabad,2025-06-12
C1136,Jennifer Huff,M,Pune,2022-03-05
C1137,Roy Miller,M,Delhi,2025-04-28
C1138,Thomas Carroll,F,Chennai,2025-08-19
C1139,Rhonda Rowe,M,Kolkata,2024-01-27
C1140,Patricia Collins,F,Hyderabad,2024-02-23
C1141,William Robles,M,Delhi,2023-01-21
C1142,Rachel Lewis,M,Delhi,2022-09-23
C1143,Jennifer Nichols,F,Hyderabad,2025-06-09
C1144,Victoria Williams,F,Mumbai,2022-08-14
C1145,Jeff Richardson MD,M,Delhi,2021-12-11
C1146,Sean Miranda,F,Pune,2022-05-30
C1147,Gregory Guzman,F,Kolkata,2022-10-26
C1148,Juan Sanchez,F,Pune,2024-10-17
C1149,Mitchell James,M,Hyderabad,2023-12-20
C1150,Robert Rodriguez,F,Mumbai,2023-08-30
C1151,Craig Oneill,F,Delhi,2023-06-23
C1152,Nancy Edwards,M,Hyderabad,2022-05-04
C1153,Jeffrey Miller,F,Delhi,2024-10-05
C1154,Kathryn Perez,F,Kolkata,2023-05-17
C1155,Thomas Spencer,M,Bangalore,2022-09-30
C1156,Antonio Smith PhD,F,Hyderabad,2025-03-13
C1157,Bryan Barber,F,Hyderabad,2024-08-27
C1158,Sarah Alvarado,F,Kolkata,2022-05-23
C1159,Anthony Allison,F,Chennai,2022-06-02
C1160,James Romero,M,Chennai,2025-11-13
C1161,Fred Kirby,M,Mumbai,2022-05-13
C1162,Lisa Oconnell,F,Delhi,2023-11-29
C1163,Cathy Turner,F,Hyderabad,2024-04-10
C1164,William Howard,F,Mumbai,2022-03-23
C1165,Karen Myers,F,Delhi,2022-05-09
C1166,Dalton Ray,F,Delhi,2025-06-08
C1167,Tiffany Smith,F,Pune,2022-06-15
C1168,Lee Brewer,F,Pune,2024-11-20
C1169,Elizabeth Lopez,M,Delhi,2025-05-01
C1170,David Patel,M,Bangalore,2022-01-03
C1171,Jeremy Roman,M,Delhi,2025-07-22
C1172,Shawn Savage,F,Pune,2025-04-15
C1173,Richard Bender,F,Kolkata,2022-07-28
C1174,Jennifer Ward,M,Mumbai,2025-08-09
C1175,Jason Miller,M,Bangalore,2025-03-07
C1176,Chelsea Bowers,F,Hyderabad,2023-11-20
C1177,Sara Wheeler,M,Mumbai,2022-03-16
C1178,Nicole Ruiz,F,Mumbai,2025-04-12
C1179,Amber Marquez,F,Bangalore,2021-12-03
C1180,Jessica Moore,M,Kolkata,2023-12-04
C1181,Mallory Garcia DVM,F,Chennai,2025-08-19
C1182,Ashley Mendoza,M,Mumbai,2025-05-14
C1183,Leroy Arellano,M,Bangalore,2022-07-12
C1184,Tamara Griffin,M,Chennai,2024-01-13
C1185,Christian Medina,F,Kolkata,2024-12-30
C1186,Monica Holder,F,Chennai,2025-07-18
C1187,John Murray,F,Chennai,2024-07-01
C1188,Larry Houston,F,Mumbai,2025-02-14
C1189,Amy Love,F,Chennai,2024-03-22
C1190,Matthew Becker,M,Pune,2021-12-20
C1191,Antonio Powers,F,Kolkata,2022-08-29
C1192,David Anderson,M,Delhi,2023-09-09
C1193,Eric Hall,F,Kolkata,2024-08-08
C1194,David Murphy,M,Bangalore,2023-11-21
C1195,Benjamin Mcpherson,M,Pune,2024-10-20
C1196,Jeffrey Rodriguez,M,Kolkata,2024-09-17
C1197,Ian Richardson,M,Pune,2023-01-14
C1198,Matthew Christensen,M,Chennai,2023-10-05
C1199,Amanda Jackson,M,Mumbai,2024-11-27
C1200,Matthew Rivera,F,Mumbai,2024-01-17
C1201,Karen Harris,F,Mumbai,2025-04-20
C1202,Katherine Peterson,F,Kolkata,2023-08-20
C1203,Chad Davis,F,Hyderabad,2025-01-07
C1204,Gabriella Brown,F,Mumbai,2023-09-24
C1205,Melinda Williams,F,Mumbai,2024-11-10
C1206,Marcus Martin,F,Kolkata,2022-10-17
C1207,Robert Bush,F,Bangalore,2023-04-16
C1208,Brittany Harris,M,Pune,2023-07-12
C1209,Lauren Conner,F,Mumbai,2025-01-09
C1210,Kelly Roth,F,Chennai,2025-06-16
C1211,Austin Livingston,F,Bangalore,2024-03-01
C1212,Patricia Gardner,F,Mumbai,2022-04-13
C1213,Margaret Molina,M,Delhi,2022-03-29
C1214,Kevin Wood,F,Delhi,2025-04-18
C1215,Jennifer Brooks,M,Delhi,2024-04-13
C1216,Heather May,F,Chennai,2023-03-01
C1217,Christina Snyder,F,Chennai,2023-07-28
C1218,Gary Walker,F,Chennai,2025-03-23
C1219,Elizabeth Tyler,M,Delhi,2024-08-28
C1220,Dr. Brett Hester MD,F,Delhi,2024-04-05
C1221,Diane Pena,F,Hyderabad,2025-04-15
C1222,Joseph Mitchell,F,Chennai,2025-02-16
C1223,Joann Morris,F,Kolkata,2025-06-25
C1224,Alicia Vargas,M,Bangalore,2022-05-17
C1225,Michael Mccarthy,M,Bangalore,2023-08-23
C1226,James Moore,F,Bangalore,2024-05-28
C1227,Pamela Kennedy,F,Chennai,2025-05-28
C1228,Nathan Maynard,M,Chennai,2024-10-20
C1229,Jeffery Torres,F,Bangalore,2022-05-22
C1230,Sarah Williams,F,Bangalore,2024-02-17
C1231,Sharon James,M,Delhi,2022-04-21
C1232,Katherine Christian,F,Bangalore,2023-08-13
C1233,Melissa Webster,M,Hyderabad,2025-09-13
C1234,Chelsea Jacobson,F,Delhi,2025-05-18
C1235,Misty Norman,M,Chennai,2022-03-15
C1236,Matthew Schneider DDS,M,Delhi,2021-12-14
C1237,Michael Gould,F,Kolkata,2025-06-30
C1238,Frances Huber,F,Mumbai,2023-11-19
C1239,Brett Martin,F,Delhi,2025-01-23
C1240,Mrs. Melanie Thomas,F,Hyderabad,2024-03-10
C1241,Russell Bray,M,Kolkata,2022-12-27
C1242,Elizabeth Mitchell,F,Mumbai,2024-06-20
C1243,Rachel Ramsey,F,Pune,2024-02-20
C1244,Edward Myers,F,Bangalore,2022-03-02
C1245,Maria Nelson,M,Pune,2022-09-19
C1246,Nicole Pineda,F,Delhi,2024-12-22
C1247,Henry Cook,M,Bangalore,2022-09-15
C1248,Lorraine Sexton,F,Bangalore,2025-04-30
C1249,Cynthia Stevens,M,Kolkata,2022-02-27
C1250,James Simon,F,Chennai,2024-11-03
C1251,Nicole Walls,M,Mumbai,2025-11-28
C1252,Erik Mathis,M,Pune,2023-06-13
C1253,Eric Mcfarland,F,Bangalore,2022-08-03
C1254,Penny Quinn,F,Hyderabad,2022-03-27
C1255,Peter Allen,F,Kolkata,2024-02-16
C1256,Cody Foster,M,Delhi,2023-07-07
C1257,Rebecca Bailey,F,Pune,2023-01-31
C1258,Charles Park,M,Bangalore,2024-07-24
C1259,Samuel Jackson,M,Hyderabad,2022-01-10
C1260,Lauren Lopez,M,Delhi,2022-08-26
C1261,Peggy Ramos,M,Chennai,2023-01-27
C1262,Julie Harris,M,Chennai,2023-06-02
C1263,Daniel Burke,F,Hyderabad,2022-06-20
C1264,Jeff Rhodes,F,Hyderabad,2023-07-14
C1265,David Rosales,M,Bangalore,2025-10-08
C1266,Margaret Henderson,M,Mumbai,2023-05-12
C1267,Christy Cooper,M,Chennai,2023-03-20
C1268,David Rivera,F,Bangalore,2022-08-02
C1269,Curtis Walker,F,Pune,2022-01-01
C1270,Kara Perez,M,Hyderabad,2025-01-08
C1271,Michael Medina,F,Mumbai,2023-12-29
C1272,Ryan Jones,F,Delhi,2025-05-21
C1273,Mary Taylor,F,Hyderabad,2025-09-18
C1274,Gregory Johnson,M,Pune,2022-03-10
C1275,Stephen Sparks IV,F,Mumbai,2023-01-01
C1276,Martin Bush,F,Bangalore,2025-05-07
C1277,Shawn Hunt,M,Chennai,2022-01-17
C1278,Michael Gilbert PhD,M,Chennai,2022-02-19
C1279,Tiffany Ashley,F,Chennai,2022-12-12
C1280,Michael Martin,F,Bangalore,2024-07-18
C1281,Adam Snow,M,Mumbai,2022-02-21
C1282,Kathleen Carlson,F,Kolkata,2025-01-15
C1283,Sean Williams,F,Mumbai,2022-04-09
C1284,Sandra Charles,M,Bangalore,2024-03-08
C1285,Alexander Young,M,Hyderabad,2023-04-07
C1286,Christopher Mayo,F,Bangalore,2025-04-20
C1287,Yolanda Evans,M,Hyderabad,2022-01-29
C1288,Tina Huynh,M,Delhi,2023-02-16
C1289,Cody Whitaker,F,Chennai,2024-12-11
C1290,Melissa Gonzales,M,Kolkata,2023-07-18
C1291,Janet Medina,F,Kolkata,2025-08-21
C1292,Scott Jones,M,Mumbai,2023-03-24
C1293,Michelle Harper,M,Bangalore,2024-10-25
C1294,Brian Miller,M,Hyderabad,2022-03-12
C1295,Brittney Little,F,Pune,2024-03-13
C1296,Susan Hardin,M,Pune,2023-07-08
C1297,Michael Malone,F,Kolkata,2024-02-05
C1298,Patricia Bell,M,Mumbai,2022-08-27
C1299,Jeffery Neal,F,Chennai,2023-07-20
C1300,Mercedes Holt,F,Chennai,2022-03-27
C1301,Stephanie Davis,M,Chennai,2024-07-04
C1302,Christine Clayton,F,Pune,2022-09-22
C1303,Monique Garcia,M,Chennai,2022-09-05
C1304,Michaela Jones,F,Kolkata,2022-05-08
C1305,Gabriel Ruiz,M,Delhi,2024-05-16
C1306,Gregory Carter,M,Pune,2023-12-19
C1307,Monica Floyd,F,Bangalore,2024-04-03
C1308,Katherine Oneill,F,Chennai,2022-07-31
C1309,Ray Kim,M,Hyderabad,2022-06-07
C1310,Maria Madden,F,Hyderabad,2024-12-10
C1311,Michael Walker,M,Mumbai,2022-09-08
C1312,Melanie Sherman,M,Chennai,2024-12-15
C1313,Jesse Heath,M,Kolkata,2023-02-02
C1314,Steven Bailey,M,Chennai,2025-01-17
C1315,Susan Alexander,M,Pune,2025-11-07
C1316,Sharon Smith,F,Chennai,2022-09-10
C1317,Mr. John Stark,M,Pune,2025-06-29
C1318,Timothy Manning,F,Hyderabad,2025-08-05
C1319,Carolyn Nelson,M,Chennai,2024-04-30
C1320,Morgan Spencer,M,Kolkata,2022-09-23
C1321,Angela Andrews,F,Kolkata,2022-03-04
C1322,Shirley Estes,M,Mumbai,2025-07-20
C1323,Mr. Craig Morse,F,Chennai,2021-12-26
C1324,Mary Owens,M,Pune,2023-10-02
C1325,Julie Suarez,M,Delhi,2022-12-21
C1326,Christie Vargas,F,Pune,2023-02-25
C1327,Brent Johnson,M,Mumbai,2025-10-23
C1328,Thomas Oneill,M,Chennai,2022-11-19
C1329,Alexander Wheeler,M,Kolkata,2024-07-17
C1330,Kimberly King,F,Pune,2022-06-26
C1331,Timothy Smith,F,Bangalore,2023-02-12
C1332,Lisa Woods,F,Pune,2025-02-06
C1333,David Miller,F,Bangalore,2023-09-26
C1334,Earl Rowe,F,Delhi,2024-04-21
C1335,Travis Byrd,F,Hyderabad,2025-06-27
C1336,Lisa Griffin,F,Mumbai,2022-07-05
C1337,Barbara Hill,F,Delhi,2024-12-23
C1338,Adam Rosales,M,Chennai,2023-03-07
C1339,Nicholas Davis,F,Pune,2023-10-29
C1340,Katherine Leach,M,Delhi,2024-12-23
C1341,Danielle Chavez,F,Pune,2024-11-13
C1342,Susan Rodriguez,M,Pune,2023-05-20
C1343,Matthew Gross,M,Delhi,2022-07-06
C1344,Brian Martin,F,Kolkata,2022-11-28
C1345,Stanley Wallace,F,Bangalore,2022-11-03
C1346,Jennifer Reeves,F,Kolkata,2024-11-07
C1347,Luis Mueller,F,Bangalore,2023-06-11
C1348,Karen Navarro,F,Delhi,2025-11-27
C1349,Eric Garcia,F,Mumbai,2022-10-05
C1350,Richard Taylor,M,Delhi,2023-10-18
C1351,Joseph Fowler,M,Hyderabad,2022-07-09
C1352,Steven Stark,M,Kolkata,2021-12-10
C1353,Jason Smith,F,Kolkata,2024-05-11
C1354,Donald Aguilar,M,Bangalore,2024-01-28
C1355,David Solomon,M,Hyderabad,2025-01-13
C1356,Logan Mann,M,Bangalore,2024-12-10
C1357,Jody Murray,M,Pune,2023-03-14
C1358,Isabel Jones,M,Kolkata,2024-08-29
C1359,Nicholas Hawkins,M,Hyderabad,2022-02-18
C1360,Philip Patterson,F,Pune,2022-02-17
C1361,Angela Sims,M,Kolkata,2022-06-04
C1362,Deborah Fisher,M,Bangalore,2024-05-21
C1363,Jessica Hayes,M,Pune,2024-01-07
C1364,Evan Dunn,M,Bangalore,2022-07-15
C1365,Christopher Reynolds,F,Delhi,2022-03-25
C1366,Ricardo Proctor,F,Kolkata,2025-06-03
C1367,Mary Perry,F,Delhi,2025-04-23
C1368,Bryce Nash,F,Chennai,2023-05-22
C1369,Briana Arellano,M,Hyderabad,2021-12-12
C1370,Timothy Matthews,M,Mumbai,2025-01-02
C1371,Pamela Webb,M,Delhi,2023-04-08
C1372,Maxwell Davis,M,Kolkata,2022-10-30
C1373,Stefanie Strong,F,Hyderabad,2025-02-26
C1374,Cynthia Rivas,M,Delhi,2023-10-07
C1375,Anthony Hancock,F,Pune,2023-06-10
C1376,Daniel Cunningham,F,Delhi,2023-12-24
C1377,Amy Pruitt,F,Delhi,2022-12-15
C1378,Catherine Johnston,F,Kolkata,2022-03-20
C1379,Tristan Smith,M,Pune,2024-09-27
C1380,Thomas Garrett,M,Bangalore,2023-11-16
C1381,Bethany Li,F,Hyderabad,2024-05-12
C1382,Alexandria Hernandez,F,Kolkata,2022-07-07
C1383,Joyce Mccoy,F,Delhi,2024-12-30
C1384,Angela Mclaughlin,F,Hyderabad,2024-02-12
C1385,Sabrina Rodriguez,M,Delhi,2025-06-02
C1386,Alexis Gillespie,M,Delhi,2025-07-03
C1387,Kyle Bowen,M,Pune,2022-09-13
C1388,Kyle Franklin,F,Bangalore,2023-01-24
C1389,Austin Wilson,M,Chennai,2024-11-14
C1390,Janice Brown,M,Hyderabad,2022-05-27
C1391,Sarah Webb,F,Chennai,2025-04-09
C1392,Kelsey Boyd,F,Pune,2023-07-16
C1393,Rebecca Gordon,F,Bangalore,2023-02-08
C1394,Jacqueline Harrison,F,Bangalore,2023-04-29
C1395,Brenda Diaz,F,Delhi,2021-12-08
C1396,Mrs. Kimberly Mccoy DDS,F,Bangalore,2022-09-18
C1397,Vincent Morris,M,Mumbai,2021-12-27
C1398,Cameron Nielsen,M,Bangalore,2024-11-08
C1399,Dean Ward,M,Chennai,2022-01-31
C1400,Mr. Michael Wright,F,Hyderabad,2022-05-27
C1401,Mike Blair,F,Kolkata,2022-09-10
C1402,Martin Jones,M,Pune,2024-08-18
C1403,Daniel Watson,F,Hyderabad,2023-12-03
C1404,Keith Ortiz,M,Delhi,2023-02-04
C1405,Nicholas Glass,M,Hyderabad,2024-02-16
C1406,Ann Skinner,F,Kolkata,2023-01-20
C1407,Cindy Ortega,F,Mumbai,2024-10-30
C1408,Donna Liu,F,Delhi,2023-11-15
C1409,Erik Whitney,F,Mumbai,2025-11-11
C1410,Michael Smith,M,Chennai,2023-10-01
C1411,Pamela Roth,M,Mumbai,2022-02-02
C1412,Keith Jennings,M,Pune,2023-09-25
C1413,John Gonzalez,M,Bangalore,2023-01-12
C1414,Danny Downs,F,Mumbai,2023-01-30
C1415,Louis Perry,M,Bangalore,2024-02-08
C1416,Linda Zamora,M,Mumbai,2025-07-30
C1417,Joseph Parker,M,Delhi,2024-08-25
C1418,Bruce Mcdowell,F,Delhi,2022-07-12
C1419,Jessica Campos,M,Chennai,2023-11-05
C1420,Vickie Richard,M,Bangalore,2024-01-17
C1421,Stephanie Wall,M,Hyderabad,2023-12-19
C1422,Denise Moreno,M,Delhi,2024-08-25
C1423,Patricia Morgan,F,Hyderabad,2023-07-18
C1424,Jennifer Carter,F,Pune,2023-11-11
C1425,Robert King,M,Chennai,2025-06-16
C1426,Jennifer Collins,M,Chennai,2023-01-08
C1427,Janet Payne,F,Pune,2022-04-26
C1428,Noah Choi,M,Pune,2022-07-26
C1429,Jennifer Rodriguez,M,Chennai,2024-06-28
C1430,Elizabeth Williams,M,Pune,2022-02-09
C1431,Kelly Bonilla,F,Hyderabad,2022-06-26
C1432,Michelle Parrish,M,Pune,2021-12-14
C1433,Michael Hayes,M,Hyderabad,2023-04-26
C1434,Jillian Lopez,F,Delhi,2022-06-22
C1435,Mary Hill,F,Hyderabad,2025-04-23
C1436,Autumn Crosby,F,Hyderabad,2025-03-20
C1437,Robert Lopez,F,Kolkata,2025-09-07
C1438,Stephanie Giles,F,Bangalore,2023-11-22
C1439,Mary Miller,F,Hyderabad,2022-03-04
C1440,William Bell,F,Bangalore,2025-05-05
C1441,Adrienne Vega,M,Delhi,2022-01-16
C1442,Trevor Rose,M,Delhi,2023-10-08
C1443,Mary Gonzales,M,Hyderabad,2022-08-10
C1444,Erin Gomez,F,Kolkata,2025-06-05
C1445,Juan Swanson,F,Kolkata,2023-09-01
C1446,Carolyn Rogers,F,Bangalore,2023-01-25
C1447,Kimberly Roberts MD,M,Pune,2024-04-02
C1448,Lance Fisher,M,Kolkata,2022-02-12
C1449,Ryan Kelly,M,Hyderabad,2023-07-23
C1450,Valerie Espinoza,F,Delhi,2025-11-09
C1451,Monica Sparks,M,Mumbai,2024-03-09
C1452,Joseph Trevino,F,Hyderabad,2025-01-27
C1453,James Fox,F,Mumbai,2024-11-03
C1454,Troy Zimmerman,M,Bangalore,2024-10-11
C1455,Sharon Browning,F,Mumbai,2024-09-16
C1456,Amanda Strickland,M,Bangalore,2025-01-17
C1457,Linda Baker,M,Bangalore,2025-03-28
C1458,Amber Taylor,F,Bangalore,2023-03-08
C1459,Carrie Moore,F,Chennai,2025-10-03
C1460,Carrie Anthony,M,Hyderabad,2022-12-27
C1461,Alan Hamilton,M,Kolkata,2023-06-04
C1462,Phillip Edwards,F,Bangalore,2024-02-20
C1463,Jeremiah Collier,F,Bangalore,2024-08-26
C1464,Melissa Barnett,F,Hyderabad,2023-08-03
C1465,Lauren Mccoy,M,Hyderabad,2024-08-04
C1466,Melissa Cook,M,Hyderabad,2025-04-16
C1467,Emily Ward,F,Pune,2025-01-17
C1468,Joshua Mccann,M,Chennai,2022-05-22
C1469,Donna Baird,M,Pune,2023-03-13
C1470,Heather Pearson,F,Hyderabad,2022-03-19
C1471,Julie Lopez,F,Mumbai,2023-12-13
C1472,Anita Palmer,M,Mumbai,2025-06-07
C1473,Kim Gibbs,F,Bangalore,2024-10-15
C1474,David Hughes,M,Delhi,2023-02-04
C1475,Jessica Bell,M,Chennai,2023-03-15
C1476,Matthew Ochoa,M,Hyderabad,2025-09-10
C1477,Sandy Mitchell,M,Chennai,2023-10-30
C1478,Michelle Taylor,M,Mumbai,2025-07-16
C1479,Theodore Hernandez,F,Bangalore,2024-08-18
C1480,Joel Bender,M,Hyderabad,2023-07-02
C1481,Marcus Guerra,M,Pune,2022-06-03
C1482,Jasmine Gardner,F,Pune,2025-10-27
C1483,Mary Smith,M,Hyderabad,2023-07-13
C1484,Haley Cannon,F,Kolkata,2022-01-25
C1485,Jeremy Baker,F,Kolkata,2025-03-16
C1486,Nicole Ingram,M,Delhi,2022-04-02
C1487,Heidi Harrison,F,Delhi,2022-07-30
C1488,Molly Whitney,M,Chennai,2025-07-19
C1489,Cynthia Green,M,Delhi,2025-08-22
C1490,Krista Carter,M,Chennai,2024-12-08
C1491,Barbara Martinez,F,Delhi,2024-02-12
C1492,Kelsey Murphy,F,Mumbai,2023-01-19
C1493,Nicole Chambers,M,Hyderabad,2025-03-29
C1494,Alicia Smith,F,Pune,2022-03-20
C1495,Dale Myers,F,Kolkata,2024-07-12
C1496,Tiffany Smith,F,Delhi,2025-07-03
C1497,Jason Prince,M,Hyderabad,2023-02-18
C1498,Mr. Justin Walker,F,Bangalore,2025-07-08
C1499,Erik Logan,M,Kolkata,2023-02-17
C1500,Judy Castillo,M,Kolkata,2025-08-07
C1501,Ashley Roy,F,Mumbai,2025-04-30
C1502,Douglas Mcintyre,M,Kolkata,2025-02-07
C1503,Tracy Hernandez PhD,F,Mumbai,2025-07-31
C1504,Donald Walker,M,Mumbai,2023-09-10
C1505,Tracy Ford,F,Kolkata,2022-04-30
C1506,Christine Paul,F,Kolkata,2024-10-10
C1507,Tara Barr,F,Kolkata,2025-06-16
C1508,Melissa Thomas,F,Delhi,2022-10-20
C1509,Howard Evans,M,Chennai,2023-06-06
C1510,Mary Barnes,F,Pune,2025-09-21
C1511,Karen Ferrell,F,Delhi,2022-09-25
C1512,Peter Olson,M,Pune,2023-08-18
C1513,Dennis Chavez,F,Pune,2024-06-20
C1514,Luke Russell,M,Bangalore,2024-10-20
C1515,Anna Walker,F,Bangalore,2024-02-14
C1516,Ashley Carson,F,Hyderabad,2022-03-27
C1517,Carolyn Johnson,M,Pune,2024-04-14
C1518,Carolyn Bradley,F,Bangalore,2022-01-28
C1519,Anthony Lindsey,F,Bangalore,2023-01-31
C1520,James Wade,F,Bangalore,2023-09-25
C1521,Alicia Burns,F,Kolkata,2022-02-13
C1522,Gloria Hill,F,Chennai,2022-08-02
C1523,Mary Haley,M,Mumbai,2023-03-29
C1524,George Adams,M,Delhi,2023-12-23
C1525,Jamie Jones,F,Delhi,2023-01-16
C1526,James Davis,F,Kolkata,2025-08-07
C1527,Laura Wells,M,Bangalore,2025-03-10
C1528,Karen Walsh,F,Chennai,2023-12-30
C1529,Matthew Watson,M,Kolkata,2025-09-21
C1530,Kim Mcguire,M,Pune,2023-07-03
C1531,Brent Contreras,M,Chennai,2025-07-24
C1532,Teresa Osborne,F,Hyderabad,2022-10-31
C1533,Jeffrey Ball,F,Kolkata,2022-08-10
C1534,David Johnson,F,Bangalore,2023-10-30
C1535,Melissa Valentine,M,Chennai,2022-05-04
C1536,Michelle Padilla,M,Pune,2023-07-21
C1537,Rose Long,M,Hyderabad,2023-03-26
C1538,Alexander Smith,M,Pune,2024-05-14
C1539,Jacob Mclean,F,Kolkata,2023-08-26
C1540,Crystal Smith,M,Mumbai,2024-05-14
C1541,Barbara Maxwell,M,Kolkata,2023-11-07
C1542,Christopher Orr,F,Kolkata,2022-05-08
C1543,Timothy Smith,F,Delhi,2024-12-07
C1544,Sandra Williams,F,Chennai,2023-02-06
C1545,Maria Adkins,F,Mumbai,2021-12-28
C1546,Alexander Wilson,F,Bangalore,2022-11-08
C1547,Marissa Cooper,F,Delhi,2022-02-02
C1548,Stephen Mcdowell,F,Delhi,2023-06-22
C1549,John Villanueva,F,Mumbai,2022-09-15
C1550,Jennifer Todd,F,Pune,2025-09-08
C1551,Johnny Phillips,F,Kolkata,2025-11-18
C1552,Jeffrey Hubbard,F,Hyderabad,2024-11-13
C1553,Nicholas Taylor,F,Bangalore,2024-07-13
C1554,Walter Delgado,F,Mumbai,2025-05-28
C1555,Jeremy Lee,M,Kolkata,2022-10-30
C1556,Jessica Mitchell,M,Delhi,2024-05-29
C1557,Kayla Spencer,M,Bangalore,2024-12-08
C1558,Sherri Cox,F,Pune,2021-12-15
C1559,Melissa Newman,F,Pune,2025-09-06
C1560,Heather Miller,M,Bangalore,2023-11-22
C1561,Andrew Pratt,F,Hyderabad,2022-04-22
C1562,Amy Schwartz,F,Mumbai,2021-12-04
C1563,Amanda Burton,M,Kolkata,2025-06-08
C1564,Brent Sims,M,Bangalore,2024-10-05
C1565,Bryan Lee,M,Kolkata,2022-06-10
C1566,David Hart,F,Hyderabad,2022-01-15
C1567,Ashley Kelly,M,Hyderabad,2022-12-11
C1568,Samuel Avery,M,Kolkata,2023-01-04
C1569,Daniel George,M,Hyderabad,2023-01-18
C1570,Jacob Bryant,M,Pune,2022-12-27
C1571,Javier Simmons,M,Pune,2023-09-04
C1572,Adam Burns,F,Bangalore,2025-10-09
C1573,Keith Chavez,F,Pune,2023-11-26
C1574,Allen Rivera,M,Kolkata,2025-06-03
C1575,Crystal Moreno MD,M,Kolkata,2023-08-15
C1576,Cynthia Freeman,F,Delhi,2024-01-13
C1577,Caitlin Estes,M,Mumbai,2024-03-04
C1578,Pam Jones,M,Kolkata,2025-01-09
C1579,Damon Ortiz,F,Delhi,2022-08-16
C1580,Michael Rowe,F,Kolkata,2022-03-15
C1581,Wendy Robinson,M,Mumbai,2021-12-29
C1582,Tyler Gill,F,Chennai,2022-09-17
C1583,Robert Berger,F,Hyderabad,2024-04-26
C1584,James Ford,F,Hyderabad,2023-09-30
C1585,Katie Mendoza,M,Kolkata,2025-04-10
C1586,James Mcdonald,F,Mumbai,2022-11-19
C1587,Cheryl Wright,M,Pune,2024-04-25
C1588,Raven Reese,F,Delhi,2021-12-20
C1589,Dr. Kenneth Allen,F,Hyderabad,2023-11-20
C1590,William Miller,M,Hyderabad,2023-11-29
C1591,Rhonda Peterson,F,Kolkata,2024-02-13
C1592,Julie Miller,M,Delhi,2023-09-04
C1593,Colin Norton,M,Delhi,2023-04-11
C1594,Alyssa Willis,M,Hyderabad,2023-06-01
C1595,Jesus Carey,M,Chennai,2022-10-06
C1596,Angela Mccarthy,M,Delhi,2025-01-28
C1597,Anthony Rodriguez,M,Bangalore,2023-10-31
C1598,Kathleen Gonzalez,F,Chennai,2022-07-30
C1599,Melissa Gibbs,M,Delhi,2022-04-11
C1600,Brandon Owens,F,Hyderabad,2022-12-01
C1601,Savannah Owens,F,Kolkata,2023-09-10
C1602,Wendy Lynch,F,Mumbai,2025-04-30
C1603,Kelly Sullivan,M,Hyderabad,2022-10-07
C1604,Matthew Torres,F,Kolkata,2025-06-05
C1605,Ms. Tiffany Alvarado DDS,F,Chennai,2024-09-04
C1606,Alicia Martinez,F,Bangalore,2021-12-16
C1607,Amy Harris,M,Bangalore,2023-01-14
C1608,Mary Forbes,M,Mumbai,2023-04-07
C1609,Robin Watson,F,Kolkata,2023-11-03
C1610,Julia Gonzales,F,Delhi,2024-04-26
C1611,Kayla Roberts,F,Bangalore,2021-12-06
C1612,Michelle Bowen,F,Kolkata,2023-07-22
C1613,Robert Moore,F,Bangalore,2023-11-09
C1614,Kristina Arnold,F,Pune,2023-07-07
C1615,Stephen Jackson,M,Chennai,2025-06-08
C1616,David Barnes,F,Pune,2023-05-05
C1617,Mary Allen,F,Pune,2024-08-01
C1618,Barry Austin,F,Bangalore,2025-04-19
C1619,Angela Harris,M,Bangalore,2022-11-08
C1620,Jerome Barrett,F,Pune,2022-06-13
C1621,Ms. Tammy Townsend,F,Kolkata,2024-01-14
C1622,Karen Woodward,F,Pune,2022-05-24
C1623,Joseph Cruz,M,Chennai,2023-04-07
C1624,Angela Bennett,M,Bangalore,2024-10-31
C1625,Samantha Schwartz,M,Hyderabad,2022-01-16
C1626,Bonnie Simmons,F,Kolkata,2025-05-30
C1627,Tina Medina,F,Delhi,2024-04-10
C1628,Garrett Parsons,M,Mumbai,2021-12-10
C1629,Ian Thompson,F,Hyderabad,2025-06-10
C1630,Matthew Conner,F,Kolkata,2023-03-30
C1631,Robert Jimenez,M,Kolkata,2025-06-27
C1632,Julie Adkins MD,M,Delhi,2022-03-11
C1633,Lisa Knight,F,Hyderabad,2022-12-24
C1634,Derek Green,M,Pune,2022-10-28
C1635,Trevor Wheeler,F,Mumbai,2023-02-22
C1636,Ray Hull,M,Pune,2023-10-16
C1637,Sandra Rose,F,Mumbai,2022-11-29
C1638,Jeff Green,M,Mumbai,2025-03-17
C1639,Taylor Lewis,F,Pune,2023-09-18
C1640,Justin Wong,F,Bangalore,2022-01-10
C1641,Mary Acosta,M,Bangalore,2022-02-18
C1642,Andrew Macdonald,M,Kolkata,2022-07-25
C1643,Frank Miller,F,Pune,2023-07-15
C1644,Holly Johnson,F,Chennai,2022-03-11
C1645,Joseph Lamb,F,Pune,2022-07-09
C1646,Sonya Hawkins,M,Hyderabad,2025-01-08
C1647,Timothy Taylor,M,Delhi,2022-05-10
C1648,Karen Fuller,F,Delhi,2025-03-22
C1649,Jay Hudson,M,Bangalore,2025-03-07
C1650,John May,M,Pune,2023-05-23
C1651,Heidi Walton,F,Delhi,2025-11-13
C1652,Bernard Hodge,F,Chennai,2022-03-22
C1653,Mary Brown,M,Kolkata,2022-11-10
C1654,Stacey Arroyo,F,Hyderabad,2023-04-15
C1655,Matthew Miller,M,Chennai,2024-04-04
C1656,Mallory Brown,F,Pune,2025-03-12
C1657,Kevin Hernandez,M,Chennai,2024-09-08
C1658,Nicole Marsh,F,Hyderabad,2022-11-03
C1659,Judith Alexander,F,Hyderabad,2022-09-08
C1660,William Jackson,F,Chennai,2025-06-08
C1661,Kimberly Mcconnell,M,Bangalore,2025-01-13
C1662,Patricia James,M,Mumbai,2023-01-16
C1663,Kevin Hill,F,Kolkata,2024-05-13
C1664,David Patel,M,Delhi,2022-09-26
C1665,Timothy Lopez,M,Kolkata,2022-11-30
C1666,Michelle Allen,M,Mumbai,2023-04-03
C1667,Stephanie Thomas,M,Pune,2022-02-19
C1668,Kimberly Nixon,M,Hyderabad,2023-12-19
C1669,Sandy Ramirez,F,Pune,2024-11-21
C1670,Dr. Max Holt MD,F,Delhi,2024-05-17
C1671,Mallory Esparza,F,Hyderabad,2023-05-07
C1672,Cathy White,M,Delhi,2024-04-14
C1673,Joseph Reid,F,Bangalore,2024-03-31
C1674,Robert Johnson,F,Mumbai,2023-10-15
C1675,Summer Watson,F,Bangalore,2024-11-25
C1676,Dr. Amy Washington DVM,F,Kolkata,2023-07-13
C1677,James Cisneros,M,Chennai,2022-03-18
C1678,Sierra Pennington,F,Chennai,2023-09-24
C1679,Marc Cox,F,Chennai,2023-10-31
C1680,Melissa Kemp,M,Mumbai,2025-05-12
C1681,Andrew Ramirez,F,Pune,2023-12-14
C1682,Jeremy Gillespie,M,Pune,2024-04-17
C1683,Kaitlyn Martin,M,Chennai,2023-04-22
C1684,Richard Fuentes,M,Kolkata,2022-03-21
C1685,Evan Brown,F,Chennai,2022-07-18
C1686,Richard Roberts,F,Chennai,2025-01-05
C1687,Brian Gross,M,Chennai,2025-03-25
C1688,Debra Flores,M,Chennai,2022-02-09
C1689,Maria Shaw,M,Mumbai,2023-02-22
C1690,Anna Love,F,Mumbai,2025-10-01
C1691,Benjamin Archer,F,Mumbai,2023-04-07
C1692,Tara Harris,F,Pune,2024-02-04
C1693,Mary Rangel,M,Hyderabad,2025-09-18
C1694,Brian Lewis,F,Pune,2022-08-06
C1695,Shelly Johnson,F,Pune,2025-05-21
C1696,Kenneth Smith,M,Pune,2022-06-23
C1697,Kevin Smith,M,Hyderabad,2024-10-23
C1698,Suzanne Buck,M,Chennai,2023-08-23
C1699,Tony Daniels,M,Pune,2025-02-27
C1700,John Lin,F,Hyderabad,2022-09-01
C1701,James Ross,F,Bangalore,2022-06-17
C1702,Daisy Jefferson,M,Hyderabad,2025-03-10
C1703,Timothy Freeman,F,Pune,2022-07-04
C1704,David Lewis,F,Mumbai,2022-10-19
C1705,Angela Allen,M,Bangalore,2022-03-09
C1706,Harold Elliott,F,Pune,2025-10-21
C1707,Theodore Riddle PhD,M,Hyderabad,2025-05-10
C1708,William Lopez,F,Bangalore,2022-06-30
C1709,Diana Strickland,M,Kolkata,2023-07-22
C1710,Tammy Kirk,M,Hyderabad,2023-06-20
C1711,Megan Hill,F,Hyderabad,2022-10-14
C1712,Elizabeth Sexton,M,Mumbai,2025-11-06
C1713,Christina White,F,Hyderabad,2023-08-19
C1714,Mrs. Barbara Shaw MD,M,Bangalore,2023-02-19
C1715,Walter Kane,F,Hyderabad,2025-11-05
C1716,Eric Carter,F,Delhi,2024-09-20
C1717,Mandy Macdonald,F,Pune,2022-05-28
C1718,Katherine Olsen,F,Pune,2022-11-08
C1719,Janet Vaughn,M,Hyderabad,2022-02-10
C1720,John Davis,F,Bangalore,2023-04-16
C1721,Cassandra Wilson,F,Bangalore,2023-05-06
C1722,Rick Mitchell,F,Hyderabad,2022-01-22
C1723,David Thompson,F,Delhi,2022-12-11
C1724,Luis Coleman,F,Chennai,2024-08-09
C1725,Jeffrey Brown,F,Pune,2025-07-15
C1726,Brandy Ellis,F,Delhi,2025-11-12
C1727,Timothy Gardner,M,Pune,2022-12-21
C1728,Jeffery Boyd,F,Bangalore,2024-08-30
C1729,Justin Frey,M,Kolkata,2024-11-05
C1730,Miranda Cordova,M,Mumbai,2022-06-10
C1731,Laura Whitehead,M,Hyderabad,2022-06-18
C1732,Gerald Torres,M,Mumbai,2022-07-20
C1733,Diana Martinez,F,Delhi,2024-08-06
C1734,Alex Gibbs,M,Delhi,2022-06-26
C1735,Michael Mejia,M,Hyderabad,2023-05-11
C1736,Rhonda Martin,M,Pune,2022-07-16
C1737,Tyler Mccoy,M,Delhi,2024-08-05
C1738,Katherine Harding,M,Kolkata,2023-07-13
C1739,Joy Mccarthy,M,Pune,2023-10-24
C1740,Jamie Martin,M,Bangalore,2023-05-23
C1741,Charles Lee,M,Delhi,2024-05-20
C1742,Jessica Mejia,M,Chennai,2022-11-01
C1743,Erin Andrews,M,Pune,2025-08-12
C1744,Jo Clay,F,Chennai,2023-03-18
C1745,Lisa Mcbride,F,Mumbai,2022-08-28
C1746,David Stout,M,Chennai,2022-05-01
C1747,Brandon Harris,M,Pune,2025-02-14
C1748,Christopher Mcintyre,F,Chennai,2022-07-18
C1749,Desiree Brown,M,Pune,2025-07-27
C1750,Catherine Yates,F,Delhi,2024-05-17
C1751,Christopher Frost,M,Bangalore,2022-04-13
C1752,Aaron Smith,F,Kolkata,2024-08-13
C1753,Tonya Bauer,F,Mumbai,2022-01-12
C1754,Deborah Hart,F,Bangalore,2025-10-21
C1755,Kimberly Owens,M,Pune,2024-05-23
C1756,Andrew Smith,M,Pune,2022-12-27
C1757,Isaac Walton,M,Chennai,2024-01-28
C1758,Justin Dickerson,F,Bangalore,2024-03-14
C1759,Thomas Zimmerman DDS,F,Pune,2023-06-25
C1760,Roy Tran,M,Delhi,2024-06-26
C1761,Jill Watkins,M,Delhi,2024-07-09
C1762,Nicolas Bennett,M,Bangalore,2023-11-02
C1763,Timothy Mckenzie,F,Bangalore,2024-04-25
C1764,Terri Young,M,Bangalore,2022-11-09
C1765,David Hernandez,M,Bangalore,2023-07-09
C1766,Christina Palmer,M,Delhi,2022-05-04
C1767,Barbara Chase,F,Bangalore,2024-10-28
C1768,Glen King,M,Kolkata,2023-10-24
C1769,Andrew Dawson,F,Kolkata,2025-06-30
C1770,Cody Byrd,F,Delhi,2025-02-04
C1771,Christine Morrow,F,Mumbai,2022-11-02
C1772,Andrew Smith,M,Bangalore,2025-05-04
C1773,James Rivera,F,Kolkata,2023-02-08
C1774,Mark Jimenez,M,Mumbai,2022-03-09
C1775,Kirk Freeman,F,Bangalore,2024-05-03
C1776,Jeffery Carrillo,F,Chennai,2022-06-28
C1777,Antonio Myers,F,Delhi,2023-09-13
C1778,Robert Patterson,M,Chennai,2022-02-04
C1779,Stacey Scott,M,Bangalore,2025-06-11
C1780,Justin Anderson,M,Kolkata,2022-04-11
C1781,Shannon Mcgrath,F,Bangalore,2023-10-18
C1782,Carmen Deleon,M,Chennai,2022-08-22
C1783,Anna Dixon,M,Hyderabad,2024-05-31
C1784,Gary Smith,F,Pune,2024-11-17
C1785,Jessica Davidson,F,Chennai,2025-01-19
C1786,Jeffery Hicks,M,Pune,2025-10-16
C1787,Nicole Henderson,M,Pune,2025-03-17
C1788,Ronald Bradley,F,Chennai,2025-07-31
C1789,Mr. Philip Moore,M,Bangalore,2025-03-12
C1790,Raymond Humphrey,M,Hyderabad,2022-12-25
C1791,Emily Graham,F,Pune,2025-04-22
C1792,Timothy Walker,F,Hyderabad,2024-04-29
C1793,Roger Cunningham,M,Chennai,2023-07-23
C1794,Marcus Bennett,M,Kolkata,2022-06-24
C1795,Jose Tate,M,Hyderabad,2025-07-14
C1796,Jamie Norris,F,Delhi,2023-04-28
C1797,Kimberly Lewis,M,Chennai,2025-10-27
C1798,Danielle Kidd,F,Pune,2025-02-03
C1799,Matthew Duncan,M,Mumbai,2022-05-22
C1800,Stephanie Perez,F,Kolkata,2023-04-13
C1801,Angela Leon,F,Delhi,2022-01-11
C1802,Patrick Cook,F,Mumbai,2024-11-09
C1803,Steven Carr,M,Kolkata,2022-03-09
C1804,Erica Carney,F,Kolkata,2023-06-20
C1805,Karen Pierce,M,Delhi,2024-03-14
C1806,Adrian Nguyen,M,Hyderabad,2023-06-15
C1807,Stephanie Thompson,M,Pune,2022-01-22
C1808,Michele Hernandez,M,Mumbai,2021-12-18
C1809,Sarah Miller,M,Bangalore,2023-04-27
C1810,Nathan Moore,M,Pune,2024-11-05
C1811,Amanda Mendez,M,Hyderabad,2025-06-15
C1812,Tyler Davis,M,Chennai,2023-07-13
C1813,Kelly Sanders,F,Hyderabad,2023-12-06
C1814,Jeffrey Hester,F,Pune,2024-10-11
C1815,Monica Cuevas,F,Pune,2025-04-18
C1816,Robin Palmer,F,Bangalore,2025-05-13
C1817,Matthew Walker,F,Pune,2025-09-15
C1818,Michael Sanders,M,Kolkata,2024-12-23
C1819,Anita Nguyen,F,Hyderabad,2023-07-30
C1820,Monica Evans,M,Mumbai,2025-03-23
C1821,Jamie Fisher,M,Chennai,2025-07-20
C1822,Angela Rhodes,F,Mumbai,2023-04-04
C1823,Robert Goodman,F,Pune,2022-12-10
C1824,Calvin Gonzalez,F,Delhi,2025-01-16
C1825,Margaret Briggs,F,Hyderabad,2025-11-08
C1826,Robert Rice,F,Kolkata,2023-09-23
C1827,Jessica Ford,F,Pune,2022-07-26
C1828,Kenneth Burgess,M,Pune,2025-07-05
C1829,Scott Valencia,M,Pune,2022-07-11
C1830,Christopher Orozco,F,Kolkata,2024-04-24
C1831,Brandon Moore,M,Mumbai,2023-02-24
C1832,Donald Brown,M,Hyderabad,2022-08-22
C1833,James Yang,F,Pune,2023-11-26
C1834,Eileen Yu,M,Bangalore,2024-05-21
C1835,Lucas Sanford,M,Hyderabad,2023-03-25
C1836,Travis Stephens,F,Bangalore,2024-03-28
C1837,Benjamin Raymond,F,Kolkata,2025-03-19
C1838,Michael Conner,M,Delhi,2024-12-07
C1839,Sylvia Mccann,F,Pune,2024-11-08
C1840,David Hines,F,Delhi,2024-08-19
C1841,Hunter Henry,F,Pune,2024-05-14
C1842,William Gilbert,M,Pune,2025-02-02
C1843,Jessica Morgan,F,Delhi,2024-08-07
C1844,Deborah Young,F,Chennai,2023-05-15
C1845,Alexandra Silva,M,Bangalore,2023-10-22
C1846,Gregory Long,F,Pune,2023-10-19
C1847,Elizabeth Pacheco,F,Mumbai,2022-05-31
C1848,Shannon Larson,M,Hyderabad,2024-03-20
C1849,Cindy Mendoza,M,Delhi,2024-12-04
C1850,Jeffrey Williams,F,Chennai,2023-09-23
C1851,Nathan Rodriguez,M,Mumbai,2023-10-06
C1852,Maria Stewart,F,Kolkata,2025-07-31
C1853,Daniel Park,F,Delhi,2025-08-04
C1854,Melissa Harris,F,Kolkata,2024-11-29
C1855,Carlos Gonzalez,F,Bangalore,2023-12-28
C1856,Misty Mccarthy,F,Delhi,2025-08-30
C1857,Samantha Butler,F,Bangalore,2025-11-20
C1858,Tom Berry,F,Delhi,2022-06-22
C1859,Emily Foster,M,Delhi,2024-02-24
C1860,Michael White,F,Mumbai,2024-12-16
C1861,Andrew Long,M,Pune,2022-03-25
C1862,Pamela Kennedy,F,Chennai,2023-08-31
C1863,John Bennett,M,Chennai,2023-04-17
C1864,Anna Brown,M,Hyderabad,2023-11-10
C1865,Nicholas Wright,F,Kolkata,2023-02-08
C1866,Jessica Shepherd,F,Hyderabad,2023-01-28
C1867,Thomas Watson,F,Kolkata,2024-03-19
C1868,Cynthia Rodriguez,M,Bangalore,2024-04-09
C1869,Douglas Richardson,M,Chennai,2025-06-02
C1870,Audrey Ramos,M,Chennai,2023-10-20
C1871,Dr. Christopher Duarte,M,Kolkata,2023-06-20
C1872,Melissa Walker,F,Bangalore,2024-10-20
C1873,Jay Clarke,F,Delhi,2022-08-06
C1874,Phillip Powell,F,Mumbai,2022-12-25
C1875,Brian Fitzgerald,F,Bangalore,2022-10-10
C1876,Joanne Riggs,F,Mumbai,2022-04-29
C1877,Jose Parker,F,Mumbai,2025-01-18
C1878,Christopher Warner,F,Pune,2022-05-14
C1879,Anthony Franklin,F,Hyderabad,2024-04-11
C1880,Kimberly Stark,M,Hyderabad,2022-02-21
C1881,John Powell,M,Chennai,2025-04-14
C1882,Trevor Chandler,F,Chennai,2023-10-25
C1883,Aaron Woodward,F,Kolkata,2025-02-22
C1884,Zachary Campbell,F,Kolkata,2025-05-24
C1885,Adrian Whitehead,M,Chennai,2025-10-22
C1886,Darren Velasquez,F,Pune,2024-09-07
C1887,Jason Smith,F,Delhi,2023-07-31
C1888,Misty Cohen,M,Pune,2024-12-09
C1889,Michelle Jackson,M,Bangalore,2025-10-07
C1890,Shane Jenkins,F,Delhi,2022-09-30
C1891,Paul Schroeder,M,Bangalore,2023-11-08
C1892,Jenna Jones,M,Delhi,2025-09-13
C1893,Michelle Kaiser,M,Pune,2025-08-02
C1894,Sabrina Riley,F,Hyderabad,2022-05-14
C1895,Jennifer Parker,F,Delhi,2022-06-24
C1896,Raymond Jones,F,Kolkata,2025-11-11
C1897,James Turner,M,Chennai,2024-12-05
C1898,Gary Smith,F,Kolkata,2025-10-16
C1899,Jeremy Robinson,F,Hyderabad,2022-03-01
C1900,Natalie Gutierrez,M,Pune,2024-03-29
C1901,William Baker,M,Delhi,2024-05-05
C1902,Hannah Higgins,F,Mumbai,2023-03-04
C1903,Sarah Reed,F,Hyderabad,2023-10-16
C1904,Theresa Roberson,F,Chennai,2025-08-05
C1905,Drew Harvey,F,Pune,2023-12-21
C1906,Shari Sanchez,F,Chennai,2023-05-19
C1907,Roy Johnson,F,Chennai,2023-07-13
C1908,Steven Allen,M,Pune,2024-04-27
C1909,Cameron Harris,F,Mumbai,2022-09-20
C1910,Joseph Weber,F,Chennai,2023-06-04
C1911,Christopher Dawson,F,Kolkata,2022-10-05
C1912,Nicholas Wells,M,Bangalore,2025-04-25
C1913,Matthew Campbell,F,Kolkata,2022-12-28
C1914,Alexa Thompson,F,Bangalore,2024-07-08
C1915,Mark Monroe,M,Kolkata,2024-12-05
C1916,Andrew Manning,M,Hyderabad,2022-10-09
C1917,Eric Adams,F,Bangalore,2023-06-01
C1918,Kathryn Dunn,M,Bangalore,2022-11-09
C1919,Cody Lutz,F,Bangalore,2025-09-17
C1920,Tiffany Ponce,F,Kolkata,2024-04-22
C1921,Jason Diaz,M,Chennai,2025-10-17
C1922,Meredith Castillo,M,Mumbai,2022-01-28
C1923,Jason Hughes,M,Kolkata,2022-10-31
C1924,Mrs. Ebony Williams,M,Hyderabad,2021-12-30
C1925,Mark Phelps,M,Mumbai,2025-10-17
C1926,Kimberly Davis,F,Chennai,2025-09-30
C1927,Henry Vazquez,M,Delhi,2025-11-10
C1928,Grant Mcclure,F,Pune,2023-08-18
C1929,Christopher Martin,F,Bangalore,2022-05-30
C1930,Carol Young,M,Hyderabad,2024-01-31
C1931,Nicholas Clements,F,Mumbai,2024-12-22
C1932,Samantha Montgomery,F,Mumbai,2025-06-01
C1933,Robert Carter,M,Chennai,2025-08-21
C1934,Kyle Martinez,F,Chennai,2025-11-20
C1935,Michael Morales,M,Bangalore,2023-01-28
C1936,Amy Heath,M,Kolkata,2022-10-03
C1937,Catherine Peterson,M,Pune,2024-12-27
C1938,Clayton Mcgrath,M,Mumbai,2024-12-19
C1939,Garrett Guzman,F,Delhi,2022-05-08
C1940,John Cummings,M,Delhi,2023-06-24
C1941,Sean Peterson,M,Pune,2023-09-20
C1942,Amber Hill,M,Mumbai,2022-10-12
C1943,Matthew Charles,F,Pune,2023-09-14
C1944,Cassandra Taylor,F,Chennai,2022-08-12
C1945,Alexis Ramirez,M,Kolkata,2023-01-04
C1946,Jonathan Jackson,M,Chennai,2024-10-11
C1947,Michelle Cole,M,Chennai,2022-10-26
C1948,Michelle Wilkerson,F,Hyderabad,2024-01-08
C1949,Vicki Young,F,Pune,2022-10-06
C1950,Christina Gonzalez,M,Hyderabad,2022-08-22
C1951,Joseph Cervantes,F,Chennai,2025-03-21
C1952,Melissa Hood,F,Delhi,2022-01-21
C1953,Vincent Rice,M,Delhi,2022-06-08
C1954,Jacob Perry,M,Mumbai,2021-12-30
C1955,Sydney Conway,F,Bangalore,2022-03-13
C1956,Brandy Harris,F,Hyderabad,2022-11-21
C1957,Jesse Snyder,F,Chennai,2025-08-04
C1958,Paul Peterson,M,Bangalore,2024-12-02
C1959,Sean Stone,M,Kolkata,2024-05-04
C1960,Wayne Collins,M,Mumbai,2023-12-11
C1961,Megan Ortega,F,Bangalore,2022-01-12
C1962,Austin Cameron,M,Delhi,2023-02-24
C1963,Penny Smith,F,Hyderabad,2022-10-31
C1964,Jeffery Warren,F,Delhi,2022-09-18
C1965,Patrick Jones,F,Hyderabad,2024-10-19
C1966,Katie Gibson,F,Kolkata,2022-10-12
C1967,Aaron Carroll,F,Hyderabad,2025-09-13
C1968,Jeff Garner,F,Mumbai,2022-06-17
C1969,Melanie Simmons,M,Kolkata,2025-05-26
C1970,Luis Wall,M,Kolkata,2024-03-27
C1971,Bryan West,F,Mumbai,2025-06-05
C1972,Shawn Parker,F,Chennai,2023-12-22
C1973,Patricia Gonzalez,M,Kolkata,2022-10-29
C1974,Shawn Oneal,F,Pune,2025-12-01
C1975,Cynthia Carter,F,Bangalore,2023-05-31
C1976,Jennifer White,M,Pune,2023-10-01
C1977,Jennifer Harris,M,Delhi,2025-09-08
C1978,Brandy Dunn,M,Pune,2021-12-17
C1979,Gregory Schneider,F,Hyderabad,2022-04-12
C1980,Robert Barnett,M,Kolkata,2022-04-01
C1981,Christopher Black,F,Pune,2025-08-19
C1982,Sherry Williams,M,Pune,2025-02-05
C1983,Megan Edwards,F,Chennai,2022-03-13
C1984,Mark Ballard,F,Chennai,2024-01-28
C1985,Jeanne Smith,M,Hyderabad,2023-10-23
C1986,Riley Burke,M,Kolkata,2023-01-21
C1987,Michael Peterson,M,Delhi,2022-12-25
C1988,Lauren Dean,F,Hyderabad,2023-02-03
C1989,Richard Lee,F,Chennai,2025-07-05
C1990,Anna Tucker,F,Pune,2025-03-12
C1991,Juan Castillo DDS,F,Delhi,2022-11-04
C1992,Leslie Lin,F,Delhi,2024-08-29
C1993,Tina Cordova,F,Chennai,2025-11-24
C1994,Stacy Meyer,F,Bangalore,2024-11-03
C1995,Maria Brady MD,M,Delhi,2023-01-06
C1996,Rodney Lara,M,Mumbai,2023-07-14
C1997,Michael Harris,M,Chennai,2022-07-07
C1998,Jason Shaffer,M,Hyderabad,2022-02-26
C1999,Chelsey Thomas,M,Kolkata,2022-08-31
C2000,Carolyn Parsons,M,Delhi,2025-03-16
